xmin,ymin,xmax,ymax,label,score,geometry
84.0,246.0,112.0,269.0,Tree,0.3784317672252655,"POLYGON ((112 246, 112 269, 84 269, 84 246, 112 246))"
121.0,236.0,157.0,266.0,Tree,0.3136559724807739,"POLYGON ((157 236, 157 266, 121 266, 121 236, 157 236))"
